{"sampleviz/sample-circlepack/nls":{"f":["messages.js"],"d":["sk","zh-Hans","zh-Hant","pl","sv","he","da","no","ja","el","lv","it","cs","ru","ro","pt","fr-CA","pt-PT","ar","hr","hu","nl","root","de","ko","fi","fr","es","et","lt","th","tr"]},"sampleviz/sample-circlepack/nls/sk":{"f":["messages.js"]},"sampleviz/sample-circlepack/nls/zh-Hans":{"f":["messages.js"]},"sampleviz/sample-circlepack/nls/zh-Hant":{"f":["messages.js"]},"sampleviz/sample-circlepack/nls/pl":{"f":["messages.js"]},"sampleviz/sample-circlepack/nls/sv":{"f":["messages.js"]},"sampleviz/sample-circlepack/nls/he":{"f":["messages.js"]},"sampleviz/sample-circlepack/nls/da":{"f":["messages.js"]},"sampleviz/sample-circlepack/nls/no":{"f":["messages.js"]},"sampleviz/sample-circlepack/nls/ja":{"f":["messages.js"]},"sampleviz/sample-circlepack/nls/el":{"f":["messages.js"]},"sampleviz/sample-circlepack/nls/lv":{"f":["messages.js"]},"sampleviz/sample-circlepack/nls/it":{"f":["messages.js"]},"sampleviz/sample-circlepack/nls/cs":{"f":["messages.js"]},"sampleviz/sample-circlepack/nls/ru":{"f":["messages.js"]},"sampleviz/sample-circlepack/nls/ro":{"f":["messages.js"]},"sampleviz/sample-circlepack/nls/pt":{"f":["messages.js"]},"sampleviz/sample-circlepack/nls/fr-CA":{"f":["messages.js"]},"sampleviz/sample-circlepack/nls/pt-PT":{"f":["messages.js"]},"sampleviz/sample-circlepack/nls/ar":{"f":["messages.js"]},"sampleviz/sample-circlepack/nls/hr":{"f":["messages.js"]},"sampleviz/sample-circlepack/nls/hu":{"f":["messages.js"]},"sampleviz/sample-circlepack/nls/nl":{"f":["messages.js"]},"sampleviz/sample-circlepack/nls/root":{"f":["messages.js"]},"sampleviz/sample-circlepack/nls/de":{"f":["messages.js"]},"sampleviz/sample-circlepack/nls/ko":{"f":["messages.js"]},"sampleviz/sample-circlepack/nls/fi":{"f":["messages.js"]},"sampleviz/sample-circlepack/nls/fr":{"f":["messages.js"]},"sampleviz/sample-circlepack/nls/es":{"f":["messages.js"]},"sampleviz/sample-circlepack/nls/et":{"f":["messages.js"]},"sampleviz/sample-circlepack/nls/lt":{"f":["messages.js"]},"sampleviz/sample-circlepack/nls/th":{"f":["messages.js"]},"sampleviz/sample-circlepack/nls/tr":{"f":["messages.js"]}}