{"customviz/com-smartq-calendarviz/nls":{"f":["messages.js"],"d":["sl","it","hr","root","de","fr","es"]},"customviz/com-smartq-calendarviz/nls/sl":{"f":["messages.js"]},"customviz/com-smartq-calendarviz/nls/it":{"f":["messages.js"]},"customviz/com-smartq-calendarviz/nls/hr":{"f":["messages.js"]},"customviz/com-smartq-calendarviz/nls/root":{"f":["messages.js"]},"customviz/com-smartq-calendarviz/nls/de":{"f":["messages.js"]},"customviz/com-smartq-calendarviz/nls/fr":{"f":["messages.js"]},"customviz/com-smartq-calendarviz/nls/es":{"f":["messages.js"]}}